{
    "*": {
        "TAA": 0.265879682684498,
        "TAG": 0.2293194183290869,
        "TGA": 0.5048008989864151
    },
    "A": {
        "GCT": 0.3100388369151795,
        "GCC": 0.35875382440739123,
        "GCA": 0.26394949689862646,
        "GCG": 0.06725784177880278
    },
    "C": {
        "TGT": 0.5148816760591584,
        "TGC": 0.4851183239408416
    },
    "D": {
        "GAT": 0.487360236653275,
        "GAC": 0.512639763346725
    },
    "E": {
        "GAA": 0.4481334388093252,
        "GAG": 0.5518665611906748
    },
    "F": {
        "TTT": 0.4777297625556811,
        "TTC": 0.5222702374443189
    },
    "G": {
        "GGT": 0.18908007030637083,
        "GGC": 0.30300700549174225,
        "GGA": 0.27537982036169056,
        "GGG": 0.23253310384019635
    },
    "H": {
        "CAT": 0.46046966236004067,
        "CAC": 0.5395303376399593
    },
    "I": {
        "ATT": 0.3712817633860146,
        "ATC": 0.45216967801735164,
        "ATA": 0.1765485585966338
    },
    "K": {
        "AAA": 0.4312525246862794,
        "AAG": 0.5687474753137206
    },
    "L": {
        "TTA": 0.0788743508732778,
        "TTG": 0.1431915551606469,
        "CTT": 0.1468575118676867,
        "CTC": 0.18145564013930401,
        "CTA": 0.08560795285517706,
        "CTG": 0.36401298910390756
    },
    "M": {
        "ATG": 1.0
    },
    "N": {
        "AAT": 0.4793860002476416,
        "AAC": 0.5206139997523584
    },
    "P": {
        "CCT": 0.32781029538083145,
        "CCC": 0.28138360706010096,
        "CCA": 0.31460632317438564,
        "CCG": 0.07619977438468194
    },
    "Q": {
        "CAA": 0.27646119028005156,
        "CAG": 0.7235388097199484
    },
    "R": {
        "CGT": 0.08775531827555744,
        "CGC": 0.14163204416710581,
        "CGA": 0.12903988610185857,
        "CGG": 0.17632880580268648,
        "AGA": 0.23961272386507085,
        "AGG": 0.22563122178772085
    },
    "S": {
        "TCT": 0.20535488810278804,
        "TCC": 0.20037642221655116,
        "TCA": 0.1619508390097617,
        "TCG": 0.03987081530680032,
        "AGT": 0.17011183613329006,
        "AGC": 0.2223351992308087
    },
    "T": {
        "ACT": 0.27600399540227577,
        "ACC": 0.3189251708192224,
        "ACA": 0.32512119936641465,
        "ACG": 0.07994963441208716
    },
    "V": {
        "GTT": 0.19482541672606646,
        "GTC": 0.23165881287670037,
        "GTA": 0.13520528889123234,
        "GTG": 0.4383104815060008
    },
    "W": {
        "TGG": 1.0
    },
    "Y": {
        "TAT": 0.46563341859770957,
        "TAC": 0.5343665814022904
    }
}
